image name,brand,link
1, Hollister, https://www.hollisterco.com/shop/us/p/high-rise-ripped-dark-wash-denim-shortie-shorts-59116819?categoryId=12620&faceout=model&seq=04
2, Hollister, https://www.hollisterco.com/shop/us/p/short-sleeve-poplin-shirt-59755859?categoryId=12620&faceout=model&seq=01
3, Hollister, https://www.hollisterco.com/shop/us/p/chiffon-ruffle-blouse-59755856?categoryId=12620&faceout=model&seq=01&afsource=social+proofing
4, Hollister, https://www.hollisterco.com/shop/us/p/halter-midi-dress-59633854?categoryId=12600&faceout=model&seq=03
5, Hollister, https://www.hollisterco.com/shop/us/p/crochet-style-mix-v-neck-maxi-dress-58989329?categoryId=12600&faceout=model&seq=03
6, Hollister, https://www.hollisterco.com/shop/us/p/button-through-shirt-dress-59033374?categoryId=12600&faceout=model&seq=02
7, Hollister, https://www.hollisterco.com/shop/us/p/oversized-hoodie-58977319?categoryId=166318&faceout=model&seq=12
8, Hollister, https://www.hollisterco.com/shop/us/p/oversized-east-coast-graphic-crew-sweatshirt-58798861?categoryId=166318&faceout=model&seq=02
9, Hollister, https://www.hollisterco.com/shop/us/p/hollister-comfy-cloud-easy-zip-up-sweater-hoodie-58910821?categoryId=166318&faceout=model&seq=05
10, Hollister, https://www.hollisterco.com/shop/us/p/soft-stretch-seamless-fabric-tube-top-59750347?categoryId=166318&faceout=model&seq=06
11, Hollister, https://www.hollisterco.com/shop/us/p/all-over-lace-cami-59633910?categoryId=166318&faceout=model&seq=02
12, Hollister, https://www.hollisterco.com/shop/us/p/all-over-lace-tube-top-59527869?seq=03&prodvm=recommendations-SimilarProducts-
13, Hollister, https://www.hollisterco.com/shop/us/p/easy-satin-tie-babydoll-top-59791819?categoryId=12620&faceout=model&seq=02&afsource=social+proofing
14, Hollister, https://www.hollisterco.com/shop/us/p/v-neck-ruffled-tier-babydoll-mini-dress-59750322?categoryId=12620&faceout=model&seq=02&afsource=social+proofing
15, Hollister, https://www.hollisterco.com/shop/us/p/logo-boxer-shorts-59633850?categoryId=12620&faceout=model&seq=04
16, Hollister, https://www.hollisterco.com/shop/us/p/ribbed-floral-so-cal-graphic-baby-tee-59750977?categoryId=166318&faceout=model&seq=01&afsource=social+proofing
17, Hollister, https://www.hollisterco.com/shop/us/p/gilly-hicks-active-graphic-baby-tee-59464821?categoryId=166318&faceout=model&seq=03
18, Hollister, https://www.hollisterco.com/shop/us/p/san-diego-graphic-halter-top-59751012?categoryId=166318&faceout=model&seq=02
19, Hollister, https://www.hollisterco.com/shop/us/p/easy-crochet-style-sweater-59322883?categoryId=166318&faceout=model&seq=04
20, Hollister, https://www.hollisterco.com/shop/us/p/zip-up-hoodie-56708344?categoryId=614330491&faceout=model&seq=02
21, Hollister, https://www.hollisterco.com/shop/us/p/gilly-hicks-active-cooldown-wide-leg-pants-59322824?categoryId=614330491&faceout=model&seq=02
22, Hollister, https://www.hollisterco.com/shop/us/p/high-rise-ripped-dark-wash-flare-jeans-57374506?categoryId=12552&faceout=model&seq=19
23, Hollister, https://www.hollisterco.com/shop/us/p/high-rise-ripped-light-wash-baggy-jeans-59053338?categoryId=12552&faceout=model&seq=03
24, Hollister, https://www.hollisterco.com/shop/us/p/crochet-style-mix-v-neck-maxi-dress-58989329?categoryId=12552&faceout=model&seq=03
25, Hollister, https://www.hollisterco.com/shop/us/p/low-rise-medium-wash-denim-shortie-shorts-59162879?categoryId=12552&faceout=life&seq=01&afsource=social+proofing
26, Hollister, https://www.hollisterco.com/shop/us/p/high-rise-light-wash-baggy-jeans-59053334?categoryId=12552&faceout=model&seq=02
27, Hollister, https://www.hollisterco.com/shop/us/p/flutter-sleeve-v-waist-mini-dress-59542322?categoryId=12552&faceout=model&seq=03&afsource=social+proofing
28, Hollister, https://www.hollisterco.com/shop/us/p/tiered-halter-babydoll-top-59568325?categoryId=12552&faceout=model&seq=05
29, Hollister, https://www.hollisterco.com/shop/us/p/easy-tiered-blouse-59548819?categoryId=12552&faceout=model&seq=06&afsource=social+proofing
30, H&M, https://www2.hm.com/en_us/productpage.1267589005.html
31, H&M, https://www2.hm.com/en_us/productpage.1289928001.html
32, H&M, https://www2.hm.com/en_us/productpage.1272517003.html
33, H&M, https://www2.hm.com/en_us/productpage.1272563001.html
34, H&M, https://www2.hm.com/en_us/productpage.1298376001.html
35, H&M, https://www2.hm.com/en_us/productpage.1283252001.html
36, H&M, https://www2.hm.com/en_us/productpage.1281807003.html
37, H&M, https://www2.hm.com/en_us/productpage.1259065006.html
38, H&M, https://www2.hm.com/en_us/productpage.1258880004.html
39, H&M, https://www2.hm.com/en_us/productpage.1275771008.html
40, Stussy, https://www.stussy.com/collections/new-arrivals/products/1140368-pigment-dyed-ss-thermal-camo
41, Stussy, https://www.stussy.com/collections/new-arrivals/products/1110360-loose-weave-plaid-shirt-red
42, Stussy, https://www.stussy.com/collections/new-arrivals/products/115897-trucker-jacket-denim-weekend-wash
43, Stussy, https://www.stussy.com/collections/new-arrivals/products/117264-colorblocked-raglan-knit-crew-green
44, Stussy, https://www.stussy.com/collections/new-arrivals/products/115824-beach-shell-garment-dyed-black
45, Stussy, https://www.stussy.com/collections/new-arrivals/products/115824-beach-shell-garment-dyed-lime
46, Stussy, https://www.stussy.com/collections/new-arrivals/products/113155n-water-short-stock-navy
47, Pacsun, https://www.pacsun.com/pacsun/olive-seersucker-4.5-swim-trunks-0150609530081.html?dwvar_0150609530081_color=031&tileCgid=mens
48, Pacsun, https://www.pacsun.com/pacsun/medium-indigo-tint-baggy-denim-shorts-0170454210018.html?dwvar_0170454210018_color=349&tileCgid=mens
49, Pacsun, https://www.pacsun.com/pacsun/purple-collegiate-6.5-swim-trunks-0150609530045.html?dwvar_0150609530045_color=054&tileCgid=mens
50, Pacsun, https://www.pacsun.com/pacsun/blue-collegiate-6.5-swim-trunks-0150609530025.html?dwvar_0150609530025_color=040&tileCgid=mens
51, Stussy, https://www.stussy.com/collections/new-arrivals/products/1110350-wavy-striped-short-sleeve-shirt-blue
52, Stussy, https://www.stussy.com/collections/new-arrivals/products/112335-basic-mesh-short-blue
53, Stussy, https://www.stussy.com/collections/new-arrivals/products/1140370-stussy-international-team-jersey-black
54, Stussy, https://www.stussy.com/collections/new-arrivals/products/116713-big-ol-jean-vintage-denim-indigo
55, Pacsun, https://www.pacsun.com/hannah-montana-glam-logo-cropped-t-shirt-0702602190204.html?dwvar_0702602190204_color=001&tileCgid=graphic-cropped
56, Pacsun, https://www.pacsun.com/coors-bright-rodeo-cropped-t-shirt-0702602190207.html?dwvar_0702602190207_color=619&tileCgid=graphic-cropped
57, Pacsun, https://www.pacsun.com/marvel-spider-man-collegiate-cropped-t-shirt-0702602190206.html?dwvar_0702602190206_color=001&tileCgid=graphic-cropped
58, Rhude, https://rh-ude.com/products/us-champs-tee
59, Rhude, https://rh-ude.com/products/rhude-world-champ-tee
60, Obey Clothing, https://obeyclothing.com/products/obey-oliver-shirt-jacket-pirate-black?variant=45081480331442
61, Obey Clothing, https://obeyclothing.com/products/obey-plaid-baggy-denim-short-black-multi?variant=45345658241202
62, American Eagle, https://www.ae.com/us/en/p/women/skirts-skorts/skorts/ae-stretch-bubble-skort/1313_5244_540?menu=cat4840004
63, American Eagle, https://www.ae.com/us/en/p/women/skirts-skorts/denim-skirts/ae-stretch-low-rise-crochet-denim-micro-skort/8332_5126_915?menu=cat4840004
64, American Eagle, https://www.ae.com/us/en/p/women/dresses/midi-maxi-dresses/ae-pintuck-babydoll-maxi-dress/0395_8462_615?menu=cat4840004
65, American Eagle, https://www.ae.com/us/en/p/women/baggy-wide-leg-jeans/baggy-wide-leg-jeans/ae-strigid-low-rise-ultra-wide-leg-jean/0437_5684_433?menu=cat4840004
66, American Eagle, https://www.ae.com/us/en/p/women/t-shirts/hey-baby-t-shirts/ae-hey-baby-tee/2370_9867_622?menu=cat4840004
67, American Eagle, https://www.ae.com/us/en/p/women/t-shirts/graphic-tees/ae-happy-hour-graphic-hey-baby-tee/1307_1028_676?menu=cat4840004
68, American Eagle, https://www.ae.com/us/en/p/women/graphic-tops/destination-graphics/ae-destination-graphic-hey-baby-tee/1307_1028_401?menu=cat4840004
69, American Eagle, https://www.ae.com/us/en/p/women/flare-bootcut-jeans/flare-jeans/ae-next-level-super-high-waisted-flare-jean/1436_5564_978?menu=cat4840004
70, American Eagle, https://www.ae.com/us/en/p/women/low-rise-jeans/low-rise-cropped-jeans/ae-stretch-low-rise-baggy-wide-leg-crop-jean/0437_5643_004?menu=cat4840004
71, American Eagle, https://www.ae.com/us/en/p/women/high-waisted-jeans/high-waisted-mom-jeans/ae-strigid-ripped-mom-jean/0436_5520_863?menu=cat4840004
72, American Eagle, https://www.ae.com/us/en/p/women/baggy-wide-leg-jeans/baggy-wide-leg-jeans/ae-dreamy-drape-stretch-low-rise-baggy-wide-leg-pant/0461_5440_164?menu=cat4840004
73, American Eagle, https://www.ae.com/us/en/p/men/polos/sweater-polos/ae-weekend-striped-sweater-polo-shirt/1148_2032_410?menu=cat4840004
74, American Eagle, https://www.ae.com/us/en/p/men/polos/sweater-polos/ae-weekend-textured-sweater-polo-shirt/1148_2022_856?menu=cat4840004
75, American Eagle, https://www.ae.com/us/en/p/men/shirts-flannels/polo-shirts/ae-pride-weekend-button-up-sweater-polo-shirt/1149_1881_106?menu=cat4840004
76, Aerie, https://www.ae.com/us/en/p/aerie/tops/sweatshirts-hoodies/aerie-east-west-crew-sweatshirt/0743_3536_716?menu=cat4840006
77, Aerie, https://www.ae.com/us/en/p/aerie/tops/sweatshirts-hoodies/aerie-east-west-crew-sweatshirt/0743_3585_696?menu=cat4840006
78, Aerie, https://www.ae.com/us/en/p/aerie/shorts/active-shorts/offline-by-aerie-real-me-bubble-skort/6498_1641_696?menu=cat1090003
79, Aerie, https://www.ae.com/us/en/p/aerie/dresses-jumpsuits/maxi/aerie-crochet-the-day-maxi-skirt/0703_1892_192?menu=cat4840006
80, Aerie, https://www.ae.com/us/en/p/aerie/dresses-jumpsuits/mini/aerie-handkerchief-micro-skort/0703_2016_696?menu=cat4840006
81, Aerie, https://www.ae.com/us/en/p/aerie/shorts/denim-shorts/aerie-daydream-denim-short/0706_8345_436?menu=cat4840006
82, Aerie, https://www.ae.com/us/en/p/aerie/shorts/active-shorts/offline-by-aerie-real-me-crossover-flowy-short/1706_1217_735
83, Aerie, https://www.ae.com/us/en/p/aerie/shorts/soft-shorts/aerie-on-my-way-high-waisted-short/0671_8247_696?menu=cat4840006
84, Aerie, https://www.ae.com/us/en/p/aerie/bottoms/pajama-bottoms/aerie-off-duty-seersucker-side-tie-trouser-pj/0496_1809_717?menu=cat4840006
85, Aerie, https://www.ae.com/us/en/p/aerie/tops/tank-tops/aerie-sneak-peek-tank-top/4495_3851_410?menu=cat4840006
86, Aerie, https://www.ae.com/us/en/p/aerie/tops/tank-tops/aerie-ribbed-scoop-neck-tank-top/4495_3927_461?menu=cat4840006
87, H&M, https://www2.hm.com/en_us/productpage.1227157030.html
88, H&M, https://www2.hm.com/en_us/productpage.1275900001.html
89, H&M, https://www2.hm.com/en_us/productpage.1276825004.html
90, H&M, https://www2.hm.com/en_us/productpage.1276825001.html
91, H&M, https://www2.hm.com/en_us/productpage.1276825008.html
92, H&M, https://www2.hm.com/en_us/productpage.1268967011.html
93, H&M, https://www2.hm.com/en_us/productpage.1262641005.html
94, H&M, https://www2.hm.com/en_us/productpage.1264431003.html
95, H&M, https://www2.hm.com/en_us/productpage.1265997008.html
96, H&M, https://www2.hm.com/en_us/productpage.1298187001.html
97, H&M, https://www2.hm.com/en_us/productpage.1071837008.html
98, H&M, https://www2.hm.com/en_us/productpage.1289983003.html
99, H&M, https://www2.hm.com/en_us/productpage.1293029002.html
100, H&M, https://www2.hm.com/en_us/productpage.1282245001.html